{
"lengthUnit": "mil",
"remark": [],
"components": {
	"fields": ["COMPONENT_NO", "COMPONENT_NAME", "LAYER", "X_COORDINATE", "Y_COORDINATE", "ANGLE"],
	"rows": [
		[1, "H1", "B", 735, -2215, 180],
		[2, "OLED1", "T", 705, -595, 270],
		[3, "U1", "T", 715, 70, 0],
		[4, "PAD1", "T", 555, -595, 0],
		[5, "PAD1", "B", 555, -595, 0],
		[6, "PAD2", "T", 655, -595, 0],
		[7, "PAD2", "B", 655, -595, 0],
		[8, "PAD3", "T", 755, -595, 0],
		[9, "PAD3", "B", 755, -595, 0],
		[10, "PAD4", "T", 855, -595, 0],
		[11, "PAD4", "B", 855, -595, 0],
		[12, "PAD5", "T", 382.126, -30, 0],
		[13, "PAD6", "T", 415, -30, 0],
		[14, "PAD6", "B", 415, -30, 0],
		[15, "PAD7", "T", 382.126, -130, 0],
		[16, "PAD8", "T", 415, -130, 0],
		[17, "PAD8", "B", 415, -130, 0],
		[18, "PAD9", "T", 1015, 170, 0],
		[19, "PAD9", "B", 1015, 170, 0],
		[20, "PAD10", "T", 1047.874, 170, 0],
		[21, "PAD11", "T", 1015, 270, 0],
		[22, "PAD11", "B", 1015, 270, 0],
		[23, "PAD12", "T", 1047.874, 270, 0]
	]
},
"pins": {
	"fields": ["PIN_NO", "PIN_NAME", "PIN_X", "PIN_Y", "LAYER", "PIN_TYPE", "NET_NAME", "NET_TYPE", "PAD_SHAPE", "PAD_SIZEX", "PAD_SIZEY", "HOLE_SIZE", "HOLE_LEN", "PAD_ANGLE"],
	"rows": [
		[1, "H1_1", 735, -2215, "T", "DIP", "NET_1", "", "C", 125.984, 125.984, 125.984, 125.984, 180],
		[2, "H1_1", 735, -2215, "B", "DIP", "NET_1", "", "C", 125.984, 125.984, 125.984, 125.984, 180],
		[3, "OLED1_1", 555, -595, "T", "DIP", "$1N281", "", "C", 62.992, 62.992, 39.37, 39.37, 270],
		[4, "OLED1_1", 555, -595, "B", "DIP", "$1N281", "", "C", 62.992, 62.992, 39.37, 39.37, 270],
		[5, "OLED1_2", 655, -595, "T", "DIP", "$1N287", "", "C", 62.992, 62.992, 39.37, 39.37, 270],
		[6, "OLED1_2", 655, -595, "B", "DIP", "$1N287", "", "C", 62.992, 62.992, 39.37, 39.37, 270],
		[7, "OLED1_3", 755, -595, "T", "DIP", "$1N260", "", "C", 62.992, 62.992, 39.37, 39.37, 270],
		[8, "OLED1_3", 755, -595, "B", "DIP", "$1N260", "", "C", 62.992, 62.992, 39.37, 39.37, 270],
		[9, "OLED1_4", 855, -595, "T", "DIP", "$1N255", "", "C", 62.992, 62.992, 39.37, 39.37, 270],
		[10, "OLED1_4", 855, -595, "B", "DIP", "$1N255", "", "C", 62.992, 62.992, 39.37, 39.37, 270],
		[11, "U1_1", 382.126, 370, "T", "SMD", "NET_2", "", "R", 95.748, 60, 0, 0, 180],
		[12, "U1_1", 415, 370, "T", "DIP", "NET_3", "", "C", 60, 60, 35, 35, 180],
		[13, "U1_1", 415, 370, "B", "DIP", "NET_3", "", "C", 60, 60, 35, 35, 180],
		[14, "U1_2", 382.126, 270, "T", "SMD", "NET_4", "", "R", 95.748, 60, 0, 0, 180],
		[15, "U1_2", 415, 270, "T", "DIP", "NET_5", "", "C", 60, 60, 35, 35, 180],
		[16, "U1_2", 415, 270, "B", "DIP", "NET_5", "", "C", 60, 60, 35, 35, 180],
		[17, "U1_3", 382.126, 170, "T", "SMD", "NET_6", "", "R", 95.748, 60, 0, 0, 180],
		[18, "U1_3", 415, 170, "T", "DIP", "NET_7", "", "C", 60, 60, 35, 35, 180],
		[19, "U1_3", 415, 170, "B", "DIP", "NET_7", "", "C", 60, 60, 35, 35, 180],
		[20, "U1_4", 382.126, 70, "T", "SMD", "NET_8", "", "R", 95.748, 60, 0, 0, 180],
		[21, "U1_4", 415, 70, "T", "DIP", "NET_9", "", "C", 60, 60, 35, 35, 180],
		[22, "U1_4", 415, 70, "B", "DIP", "NET_9", "", "C", 60, 60, 35, 35, 180],
		[23, "U1_5", 382.126, -30, "T", "SMD", "$1N255", "", "R", 95.748, 60, 0, 0, 180],
		[24, "U1_5", 415, -30, "T", "DIP", "$1N255", "", "C", 60, 60, 35, 35, 180],
		[25, "U1_5", 415, -30, "B", "DIP", "$1N255", "", "C", 60, 60, 35, 35, 180],
		[26, "U1_6", 382.126, -130, "T", "SMD", "$1N260", "", "R", 95.748, 60, 0, 0, 180],
		[27, "U1_6", 415, -130, "T", "DIP", "$1N260", "", "C", 60, 60, 35, 35, 180],
		[28, "U1_6", 415, -130, "B", "DIP", "$1N260", "", "C", 60, 60, 35, 35, 180],
		[29, "U1_7", 382.126, -230, "T", "SMD", "NET_10", "", "R", 95.748, 60, 0, 0, 180],
		[30, "U1_7", 415, -230, "T", "DIP", "NET_11", "", "C", 60, 60, 35, 35, 180],
		[31, "U1_7", 415, -230, "B", "DIP", "NET_11", "", "C", 60, 60, 35, 35, 180],
		[32, "U1_8", 1015, -230, "T", "DIP", "NET_12", "", "C", 60, 60, 35, 35, 0],
		[33, "U1_8", 1015, -230, "B", "DIP", "NET_12", "", "C", 60, 60, 35, 35, 0],
		[34, "U1_8", 1047.874, -230, "T", "SMD", "NET_13", "", "R", 95.748, 60, 0, 0, 0],
		[35, "U1_9", 1015, -130, "T", "DIP", "NET_14", "", "C", 60, 60, 35, 35, 0],
		[36, "U1_9", 1015, -130, "B", "DIP", "NET_14", "", "C", 60, 60, 35, 35, 0],
		[37, "U1_9", 1047.874, -130, "T", "SMD", "NET_15", "", "R", 95.748, 60, 0, 0, 0],
		[38, "U1_10", 1015, -30, "T", "DIP", "NET_16", "", "C", 60, 60, 35, 35, 0],
		[39, "U1_10", 1015, -30, "B", "DIP", "NET_16", "", "C", 60, 60, 35, 35, 0],
		[40, "U1_10", 1047.874, -30, "T", "SMD", "NET_17", "", "R", 95.748, 60, 0, 0, 0],
		[41, "U1_11", 1015, 70, "T", "DIP", "NET_18", "", "C", 60, 60, 35, 35, 0],
		[42, "U1_11", 1015, 70, "B", "DIP", "NET_18", "", "C", 60, 60, 35, 35, 0],
		[43, "U1_11", 1047.874, 70, "T", "SMD", "NET_19", "", "R", 95.748, 60, 0, 0, 0],
		[44, "U1_12", 1015, 170, "T", "DIP", "$1N287", "", "C", 60, 60, 35, 35, 0],
		[45, "U1_12", 1015, 170, "B", "DIP", "$1N287", "", "C", 60, 60, 35, 35, 0],
		[46, "U1_12", 1047.874, 170, "T", "SMD", "$1N287", "", "R", 95.748, 60, 0, 0, 0],
		[47, "U1_13", 1015, 270, "T", "DIP", "$1N281", "", "C", 60, 60, 35, 35, 0],
		[48, "U1_13", 1015, 270, "B", "DIP", "$1N281", "", "C", 60, 60, 35, 35, 0],
		[49, "U1_13", 1047.874, 270, "T", "SMD", "$1N281", "", "R", 95.748, 60, 0, 0, 0],
		[50, "U1_14", 1015, 370, "T", "DIP", "NET_20", "", "C", 60, 60, 35, 35, 0],
		[51, "U1_14", 1015, 370, "B", "DIP", "NET_20", "", "C", 60, 60, 35, 35, 0],
		[52, "U1_14", 1047.874, 370, "T", "SMD", "NET_21", "", "R", 95.748, 60, 0, 0, 0],
		[53, "PAD1_1", 555, -595, "T", "DIP", "$1N281", "", "C", 62.992, 62.992, 39.37, 39.37, 270],
		[54, "PAD1_1", 555, -595, "B", "DIP", "$1N281", "", "C", 62.992, 62.992, 39.37, 39.37, 270],
		[55, "PAD2_2", 655, -595, "T", "DIP", "$1N287", "", "C", 62.992, 62.992, 39.37, 39.37, 270],
		[56, "PAD2_2", 655, -595, "B", "DIP", "$1N287", "", "C", 62.992, 62.992, 39.37, 39.37, 270],
		[57, "PAD3_3", 755, -595, "T", "DIP", "$1N260", "", "C", 62.992, 62.992, 39.37, 39.37, 270],
		[58, "PAD3_3", 755, -595, "B", "DIP", "$1N260", "", "C", 62.992, 62.992, 39.37, 39.37, 270],
		[59, "PAD4_4", 855, -595, "T", "DIP", "$1N255", "", "C", 62.992, 62.992, 39.37, 39.37, 270],
		[60, "PAD4_4", 855, -595, "B", "DIP", "$1N255", "", "C", 62.992, 62.992, 39.37, 39.37, 270],
		[61, "PAD5_5", 382.126, -30, "T", "SMD", "$1N255", "", "R", 95.748, 60, 0, 0, 180],
		[62, "PAD6_5", 415, -30, "T", "DIP", "$1N255", "", "C", 60, 60, 35, 35, 180],
		[63, "PAD6_5", 415, -30, "B", "DIP", "$1N255", "", "C", 60, 60, 35, 35, 180],
		[64, "PAD7_6", 382.126, -130, "T", "SMD", "$1N260", "", "R", 95.748, 60, 0, 0, 180],
		[65, "PAD8_6", 415, -130, "T", "DIP", "$1N260", "", "C", 60, 60, 35, 35, 180],
		[66, "PAD8_6", 415, -130, "B", "DIP", "$1N260", "", "C", 60, 60, 35, 35, 180],
		[67, "PAD9_12", 1015, 170, "T", "DIP", "$1N287", "", "C", 60, 60, 35, 35, 0],
		[68, "PAD9_12", 1015, 170, "B", "DIP", "$1N287", "", "C", 60, 60, 35, 35, 0],
		[69, "PAD10_12", 1047.874, 170, "T", "SMD", "$1N287", "", "R", 95.748, 60, 0, 0, 0],
		[70, "PAD11_13", 1015, 270, "T", "DIP", "$1N281", "", "C", 60, 60, 35, 35, 0],
		[71, "PAD11_13", 1015, 270, "B", "DIP", "$1N281", "", "C", 60, 60, 35, 35, 0],
		[72, "PAD12_13", 1047.874, 270, "T", "SMD", "$1N281", "", "R", 95.748, 60, 0, 0, 0]
	]
}
}